{"generation": 0, "fitness_avg": -39.99999999999993, "fitness_std": 7.105427357601002e-15, "fitness_best": -39.99999999999992, "fitness_best_val": -39.99999999999992, "n_neurons_best": 6, "n_conns_best": 21, "pop_size": 20, "n_species": 10, "time_elapsed": 1.898923635482788, "time_elapsed_avg": 1.898923635482788, "n_extinctions": 0}
{"generation": 1, "fitness_avg": -39.999999999999915, "fitness_std": 7.105427357601002e-15, "fitness_best": -39.99999999999992, "fitness_best_val": -39.99999999999992, "n_neurons_best": 6, "n_conns_best": 21, "pop_size": 20, "n_species": 10, "time_elapsed": 3.430819511413574, "time_elapsed_avg": 2.664871573448181, "n_extinctions": 0}
{"generation": 2, "fitness_avg": -39.999999999999915, "fitness_std": 7.105427357601002e-15, "fitness_best": -39.99999999999992, "fitness_best_val": -39.99999999999992, "n_neurons_best": 6, "n_conns_best": 21, "pop_size": 20, "n_species": 10, "time_elapsed": 3.436800241470337, "time_elapsed_avg": 2.9221811294555664, "n_extinctions": 0}
{"generation": 3, "fitness_avg": -39.999999999999915, "fitness_std": 7.105427357601002e-15, "fitness_best": -39.99999999999992, "fitness_best_val": -39.99999999999992, "n_neurons_best": 6, "n_conns_best": 21, "pop_size": 20, "n_species": 10, "time_elapsed": 3.473743438720703, "time_elapsed_avg": 3.0600717067718506, "n_extinctions": 0}
{"generation": 4, "fitness_avg": -39.999999999999915, "fitness_std": 7.105427357601002e-15, "fitness_best": -39.99999999999992, "fitness_best_val": -39.99999999999992, "n_neurons_best": 6, "n_conns_best": 21, "pop_size": 20, "n_species": 10, "time_elapsed": 3.4178459644317627, "time_elapsed_avg": 3.131626558303833, "n_extinctions": 0}
{"generation": 5, "fitness_avg": -39.999999999999915, "fitness_std": 7.105427357601002e-15, "fitness_best": -39.99999999999992, "fitness_best_val": -39.99999999999992, "n_neurons_best": 6, "n_conns_best": 21, "pop_size": 20, "n_species": 10, "time_elapsed": 3.490628719329834, "time_elapsed_avg": 3.1914602518081665, "n_extinctions": 0}
{"generation": 6, "fitness_avg": -39.999999999999915, "fitness_std": 7.105427357601002e-15, "fitness_best": -39.99999999999992, "fitness_best_val": -39.99999999999992, "n_neurons_best": 6, "n_conns_best": 21, "pop_size": 20, "n_species": 10, "time_elapsed": 3.3749661445617676, "time_elapsed_avg": 3.2176753793443953, "n_extinctions": 0}
{"generation": 7, "fitness_avg": -39.999999999999915, "fitness_std": 7.105427357601002e-15, "fitness_best": -39.99999999999992, "fitness_best_val": -39.99999999999992, "n_neurons_best": 6, "n_conns_best": 21, "pop_size": 20, "n_species": 10, "time_elapsed": 3.396911144256592, "time_elapsed_avg": 3.24007984995842, "n_extinctions": 0}
{"generation": 8, "fitness_avg": -39.999999999999915, "fitness_std": 7.105427357601002e-15, "fitness_best": -39.99999999999992, "fitness_best_val": -39.99999999999992, "n_neurons_best": 6, "n_conns_best": 21, "pop_size": 20, "n_species": 10, "time_elapsed": 3.619314670562744, "time_elapsed_avg": 3.2822170522477894, "n_extinctions": 0}
{"generation": 9, "fitness_avg": -39.999999999999915, "fitness_std": 7.105427357601002e-15, "fitness_best": -39.99999999999992, "fitness_best_val": -39.99999999999992, "n_neurons_best": 6, "n_conns_best": 21, "pop_size": 20, "n_species": 10, "time_elapsed": 6.062774419784546, "time_elapsed_avg": 3.560272789001465, "n_extinctions": 0}
{"generation": 10, "fitness_avg": -39.999999999999915, "fitness_std": 7.105427357601002e-15, "fitness_best": -39.99999999999992, "fitness_best_val": -39.99999999999992, "n_neurons_best": 6, "n_conns_best": 21, "pop_size": 20, "n_species": 10, "time_elapsed": 4.620636224746704, "time_elapsed_avg": 3.8324440479278565, "n_extinctions": 0}
{"generation": 11, "fitness_avg": -39.999999999999915, "fitness_std": 7.105427357601002e-15, "fitness_best": -39.99999999999992, "fitness_best_val": -39.99999999999992, "n_neurons_best": 6, "n_conns_best": 21, "pop_size": 20, "n_species": 10, "time_elapsed": 4.675486326217651, "time_elapsed_avg": 3.956910729408264, "n_extinctions": 0}
{"generation": 12, "fitness_avg": -39.999999999999915, "fitness_std": 7.105427357601002e-15, "fitness_best": -39.99999999999992, "fitness_best_val": -39.99999999999992, "n_neurons_best": 6, "n_conns_best": 21, "pop_size": 20, "n_species": 10, "time_elapsed": 4.73233699798584, "time_elapsed_avg": 4.0864644050598145, "n_extinctions": 0}
{"generation": 13, "fitness_avg": -39.999999999999915, "fitness_std": 7.105427357601002e-15, "fitness_best": -39.99999999999992, "fitness_best_val": -39.99999999999992, "n_neurons_best": 6, "n_conns_best": 21, "pop_size": 20, "n_species": 10, "time_elapsed": 6.80179762840271, "time_elapsed_avg": 4.4192698240280155, "n_extinctions": 0}
{"generation": 14, "fitness_avg": -39.999999999999915, "fitness_std": 7.105427357601002e-15, "fitness_best": -39.99999999999992, "fitness_best_val": -39.99999999999992, "n_neurons_best": 6, "n_conns_best": 21, "pop_size": 20, "n_species": 10, "time_elapsed": 4.664516925811768, "time_elapsed_avg": 4.543936920166016, "n_extinctions": 0}
{"generation": 15, "fitness_avg": -39.999999999999915, "fitness_std": 7.105427357601002e-15, "fitness_best": -39.99999999999992, "fitness_best_val": -39.99999999999992, "n_neurons_best": 6, "n_conns_best": 21, "pop_size": 10, "n_species": 1, "time_elapsed": 5.151215553283691, "time_elapsed_avg": 4.709995603561401, "n_extinctions": 0}
{"generation": 16, "fitness_avg": -39.99999999999993, "fitness_std": 7.105427357601002e-15, "fitness_best": -39.99999999999992, "fitness_best_val": -39.99999999999992, "n_neurons_best": 6, "n_conns_best": 21, "pop_size": 10, "n_species": 1, "time_elapsed": 2.6469156742095947, "time_elapsed_avg": 4.637190556526184, "n_extinctions": 0}
{"generation": 17, "fitness_avg": -39.99999999999993, "fitness_std": 7.105427357601002e-15, "fitness_best": -39.99999999999992, "fitness_best_val": -39.99999999999992, "n_neurons_best": 6, "n_conns_best": 21, "pop_size": 10, "n_species": 1, "time_elapsed": 2.6449244022369385, "time_elapsed_avg": 4.561991882324219, "n_extinctions": 0}
{"generation": 18, "fitness_avg": -39.99999999999993, "fitness_std": 7.105427357601002e-15, "fitness_best": -39.99999999999992, "fitness_best_val": -39.99999999999992, "n_neurons_best": 6, "n_conns_best": 21, "pop_size": 10, "n_species": 1, "time_elapsed": 2.3656678199768066, "time_elapsed_avg": 4.436627197265625, "n_extinctions": 0}
{"generation": 19, "fitness_avg": -39.99999999999993, "fitness_std": 7.105427357601002e-15, "fitness_best": -39.99999999999992, "fitness_best_val": -39.99999999999992, "n_neurons_best": 6, "n_conns_best": 21, "pop_size": 10, "n_species": 1, "time_elapsed": 2.328768253326416, "time_elapsed_avg": 4.063226580619812, "n_extinctions": 0}
{"generation": 20, "fitness_avg": -39.99999999999993, "fitness_std": 7.105427357601002e-15, "fitness_best": -39.99999999999992, "fitness_best_val": -39.99999999999992, "n_neurons_best": 6, "n_conns_best": 21, "pop_size": 10, "n_species": 1, "time_elapsed": 2.3586878776550293, "time_elapsed_avg": 3.8370317459106444, "n_extinctions": 0}
{"generation": 21, "fitness_avg": -39.99999999999993, "fitness_std": 7.105427357601002e-15, "fitness_best": -39.99999999999992, "fitness_best_val": -39.99999999999992, "n_neurons_best": 6, "n_conns_best": 21, "pop_size": 10, "n_species": 1, "time_elapsed": 2.4115357398986816, "time_elapsed_avg": 3.6106366872787476, "n_extinctions": 0}
{"generation": 22, "fitness_avg": -39.99999999999993, "fitness_std": 7.105427357601002e-15, "fitness_best": -39.99999999999992, "fitness_best_val": -39.99999999999992, "n_neurons_best": 6, "n_conns_best": 21, "pop_size": 10, "n_species": 1, "time_elapsed": 2.3766028881073, "time_elapsed_avg": 3.3750632762908936, "n_extinctions": 0}
{"generation": 23, "fitness_avg": -39.99999999999993, "fitness_std": 7.105427357601002e-15, "fitness_best": -39.99999999999992, "fitness_best_val": -39.99999999999992, "n_neurons_best": 6, "n_conns_best": 21, "pop_size": 10, "n_species": 1,